{
    "metadata": {
        "sample_size": 9763,
        "timestamp": "2026-04-08T02:16:17.005506"
    },
    "benford": {
        "observed": [
            0.27801433170630385,
            0.18651988783882023,
            0.1357357981098764,
            0.1060338560598193,
            0.08578253193478035,
            0.0742548551251428,
            0.050160972063558004,
            0.04756464845778378,
            0.03593311870391526
        ],
        "theoretical": [
            0.3010299956639812,
            0.17609125905568124,
            0.12493873660829993,
            0.09691001300805642,
            0.07918124604762482,
            0.06694678963061322,
            0.05799194697768673,
            0.05115252244738129,
            0.04575749056067514
        ],
        "mad": 0.009835307715147436
    },
    "archetypes": {
        "centroids": [
            [
                1.7718212216226048,
                2.2949633869761707,
                2.69682539568752
            ],
            [
                1.3749524384641045,
                2.9641629066923865,
                1.9993319964843932
            ],
            [
                2.1910860558456426,
                3.1712695999048535,
                1.8973886320719295
            ],
            [
                3.472163062808569,
                3.068722584696326,
                2.013078469975561
            ]
        ],
        "labels": [
            "Enrollment (Log10)",
            "Duration (Log10)",
            "OutcomeCount"
        ]
    },
    "inequality": {
        "gini_coefficient": 0.9849383963764825
    },
    "regression": {
        "intercept": -693.3859082113833,
        "outcome_weight": 539.4743373001722,
        "duration_weight": 4.939018114276905
    }
}